Current Path,Proposed Path,Category,Confidence,Filename
"/Users/a-binghaith/Library/CloudStorage/OneDrive-mustadem.com/IMG_4141.HEIC","09_Archive/IMG_4141.HEIC","uncategorized",0,"IMG_4141.HEIC"
"/Users/a-binghaith/Library/CloudStorage/OneDrive-mustadem.com/Imdad Business Plan.docx","01_Strategy/Imdad Business Plan.docx","business",2,"Imdad Business Plan.docx"
"/Users/a-binghaith/Library/CloudStorage/OneDrive-mustadem.com/Shareholder agreement.docx","08_Legal/Contracts/Shareholder agreement.docx","legal",3,"Shareholder agreement.docx"
"/Users/a-binghaith/Library/CloudStorage/OneDrive-mustadem.com/8.4 Cap table before and after round  (4).xlsx","09_Archive/8.4 Cap table before and after round  (4).xlsx","uncategorized",0,"8.4 Cap table before and after round  (4).xlsx"
"/Users/a-binghaith/Library/CloudStorage/OneDrive-mustadem.com/IBAN_1682425458309.PDF","00_Admin/IBAN_1682425458309.PDF","finance",2,"IBAN_1682425458309.PDF"
"/Users/a-binghaith/Library/CloudStorage/OneDrive-mustadem.com/Mustadem laundry tech_presentation_v1_ .pdf (1) 2.pdf","09_Archive/Mustadem laundry tech_presentation_v1_ .pdf (1) 2.pdf","uncategorized",0,"Mustadem laundry tech_presentation_v1_ .pdf (1) 2.pdf"
"/Users/a-binghaith/Library/CloudStorage/OneDrive-mustadem.com/فاتورة ضريبة الخير .pdf","09_Archive/فاتورة ضريبة الخير .pdf","uncategorized",0,"فاتورة ضريبة الخير .pdf"
"/Users/a-binghaith/Library/CloudStorage/OneDrive-mustadem.com/Document3.docx","09_Archive/Document3.docx","uncategorized",0,"Document3.docx"
"/Users/a-binghaith/Library/CloudStorage/OneDrive-mustadem.com/4771c00a-c4b4-4e13-a491-bac092b62f26.png","09_Archive/4771c00a-c4b4-4e13-a491-bac092b62f26.png","uncategorized",0,"4771c00a-c4b4-4e13-a491-bac092b62f26.png"
"/Users/a-binghaith/Library/CloudStorage/OneDrive-mustadem.com/account-transaction-details.pdf","00_Admin/account-transaction-details.pdf","finance",4,"account-transaction-details.pdf"
"/Users/a-binghaith/Library/CloudStorage/OneDrive-mustadem.com/مؤشرات الاستثمار (1).pdf","09_Archive/مؤشرات الاستثمار (1).pdf","uncategorized",0,"مؤشرات الاستثمار (1).pdf"
"/Users/a-binghaith/Library/CloudStorage/OneDrive-mustadem.com/MBSC-Badge.png","09_Archive/MBSC-Badge.png","uncategorized",0,"MBSC-Badge.png"
"/Users/a-binghaith/Library/CloudStorage/OneDrive-mustadem.com/Organized_Supplement_Master__Core_Rotation_Situational_etc__.csv","09_Archive/Organized_Supplement_Master__Core_Rotation_Situational_etc__.csv","uncategorized",0,"Organized_Supplement_Master__Core_Rotation_Situational_etc__.csv"
"/Users/a-binghaith/Library/CloudStorage/OneDrive-mustadem.com/Aseer Coffee and Honey Proposal.docx","02_Research/Agriculture/Crops/Coffee/01_Source/Aseer Coffee and Honey Proposal.docx","agriculture",5,"Aseer Coffee and Honey Proposal.docx"
"/Users/a-binghaith/Library/CloudStorage/OneDrive-mustadem.com/anytrans-ios-en-mac.dmg","09_Archive/anytrans-ios-en-mac.dmg","uncategorized",0,"anytrans-ios-en-mac.dmg"
"/Users/a-binghaith/Library/CloudStorage/OneDrive-mustadem.com/1.docx","09_Archive/1.docx","uncategorized",0,"1.docx"
"/Users/a-binghaith/Library/CloudStorage/OneDrive-mustadem.com/document.png","09_Archive/document.png","uncategorized",0,"document.png"
"/Users/a-binghaith/Library/CloudStorage/OneDrive-mustadem.com/الخنساء.pdf","09_Archive/الخنساء.pdf","uncategorized",0,"الخنساء.pdf"
"/Users/a-binghaith/Library/CloudStorage/OneDrive-mustadem.com/Ar.pdf","09_Archive/Ar.pdf","uncategorized",0,"Ar.pdf"
"/Users/a-binghaith/Library/CloudStorage/OneDrive-mustadem.com/917813000954.pdf","09_Archive/917813000954.pdf","uncategorized",0,"917813000954.pdf"
"/Users/a-binghaith/Library/CloudStorage/OneDrive-mustadem.com/Transactions.pdf","00_Admin/Transactions.pdf","finance",2,"Transactions.pdf"
"/Users/a-binghaith/Library/CloudStorage/OneDrive-mustadem.com/IBAN_1681803847423.PDF","00_Admin/IBAN_1681803847423.PDF","finance",2,"IBAN_1681803847423.PDF"
"/Users/a-binghaith/Library/CloudStorage/OneDrive-mustadem.com/Operation agent.docx","03_Operations/Projects/Operation agent.docx","operations",2,"Operation agent.docx"
"/Users/a-binghaith/Library/CloudStorage/OneDrive-mustadem.com/Acting_Arts_Jewelry_2025_2026.xlsx","09_Archive/Acting_Arts_Jewelry_2025_2026.xlsx","uncategorized",0,"Acting_Arts_Jewelry_2025_2026.xlsx"
"/Users/a-binghaith/Library/CloudStorage/OneDrive-mustadem.com/Book11.xlsx","09_Archive/Book11.xlsx","uncategorized",0,"Book11.xlsx"
"/Users/a-binghaith/Library/CloudStorage/OneDrive-mustadem.com/Market Research Report.docx","09_Archive/Market Research Report.docx","uncategorized",0,"Market Research Report.docx"
"/Users/a-binghaith/Library/CloudStorage/OneDrive-mustadem.com/Order Stamped e-Statement.pdf","09_Archive/Order Stamped e-Statement.pdf","uncategorized",0,"Order Stamped e-Statement.pdf"
"/Users/a-binghaith/Library/CloudStorage/OneDrive-mustadem.com/Basket_Unmapped_Lines.csv","09_Archive/Basket_Unmapped_Lines.csv","uncategorized",0,"Basket_Unmapped_Lines.csv"
"/Users/a-binghaith/Library/CloudStorage/OneDrive-mustadem.com/Mustadem-FY2024-FY2028-Original (1).pdf","09_Archive/Mustadem-FY2024-FY2028-Original (1).pdf","uncategorized",0,"Mustadem-FY2024-FY2028-Original (1).pdf"
"/Users/a-binghaith/Library/CloudStorage/OneDrive-mustadem.com/Rana’s Meeting Agenda.docx","08_Legal/Contracts/Rana’s Meeting Agenda.docx","legal",3,"Rana’s Meeting Agenda.docx"
"/Users/a-binghaith/Library/CloudStorage/OneDrive-mustadem.com/Dr. Aftab Pitcture .png","09_Archive/Dr. Aftab Pitcture .png","uncategorized",0,"Dr. Aftab Pitcture .png"
"/Users/a-binghaith/Library/CloudStorage/OneDrive-mustadem.com/ed67dde9e4eef3df60b73b272124ce56.pdf","09_Archive/ed67dde9e4eef3df60b73b272124ce56.pdf","uncategorized",0,"ed67dde9e4eef3df60b73b272124ce56.pdf"
"/Users/a-binghaith/Library/CloudStorage/OneDrive-mustadem.com/Creating an Aquaculture SPV in Saudi Arabia's Aseer Region - Arabic.docx","02_Research/Aquaculture/Species/Other/01_Source/Creating an Aquaculture SPV in Saudi Arabia's Aseer Region - Arabic.docx","aquaculture",2,"Creating an Aquaculture SPV in Saudi Arabia's Aseer Region - Arabic.docx"
"/Users/a-binghaith/Library/CloudStorage/OneDrive-mustadem.com/00 (1).png","09_Archive/00 (1).png","uncategorized",0,"00 (1).png"
"/Users/a-binghaith/Library/CloudStorage/OneDrive-mustadem.com/Imdad BRD.docx","09_Archive/Imdad BRD.docx","uncategorized",0,"Imdad BRD.docx"
"/Users/a-binghaith/Library/CloudStorage/OneDrive-mustadem.com/الملحق رقم 10 checklist للمساعدة في اكتمال المستندات ولضمان اكتمال وثائق العرض.pdf","09_Archive/الملحق رقم 10 checklist للمساعدة في اكتمال المستندات ولضمان اكتمال وثائق العرض.pdf","uncategorized",0,"الملحق رقم 10 checklist للمساعدة في اكتمال المستندات ولضمان اكتمال وثائق العرض.pdf"
"/Users/a-binghaith/Library/CloudStorage/OneDrive-mustadem.com/Book 3.xlsx","09_Archive/Book 3.xlsx","uncategorized",0,"Book 3.xlsx"
"/Users/a-binghaith/Library/CloudStorage/OneDrive-mustadem.com/MUSTADEEM - Fish Profile  (1).pdf","02_Research/Aquaculture/Species/Other/01_Source/MUSTADEEM - Fish Profile  (1).pdf","aquaculture",2,"MUSTADEEM - Fish Profile  (1).pdf"
"/Users/a-binghaith/Library/CloudStorage/OneDrive-mustadem.com/الملحق رقم 13 مواصفات فريق العمل.pdf","09_Archive/الملحق رقم 13 مواصفات فريق العمل.pdf","uncategorized",0,"الملحق رقم 13 مواصفات فريق العمل.pdf"
"/Users/a-binghaith/Library/CloudStorage/OneDrive-mustadem.com/Transactions (1).pdf","00_Admin/Transactions (1).pdf","finance",2,"Transactions (1).pdf"
"/Users/a-binghaith/Library/CloudStorage/OneDrive-mustadem.com/CHEMISTRY THAT MATTERSTM.docx","09_Archive/CHEMISTRY THAT MATTERSTM.docx","uncategorized",0,"CHEMISTRY THAT MATTERSTM.docx"
"/Users/a-binghaith/Library/CloudStorage/OneDrive-mustadem.com/Book7.xlsx","09_Archive/Book7.xlsx","uncategorized",0,"Book7.xlsx"
"/Users/a-binghaith/Library/CloudStorage/OneDrive-mustadem.com/XYZ 3xmodulras_screen01.jpg","02_Research/Aquaculture/Species/Other/01_Source/XYZ 3xmodulras_screen01.jpg","aquaculture",2,"XYZ 3xmodulras_screen01.jpg"
"/Users/a-binghaith/Library/CloudStorage/OneDrive-mustadem.com/Next Week Plan and Actions.docx","09_Archive/Next Week Plan and Actions.docx","uncategorized",0,"Next Week Plan and Actions.docx"
"/Users/a-binghaith/Library/CloudStorage/OneDrive-mustadem.com/[اسمك] [عنوانك] [المدينة، الدولة، الرمز البريدي] [بريدك الإل.docx","09_Archive/[اسمك] [عنوانك] [المدينة، الدولة، الرمز البريدي] [بريدك الإل.docx","uncategorized",0,"[اسمك] [عنوانك] [المدينة، الدولة، الرمز البريدي] [بريدك الإل.docx"
"/Users/a-binghaith/Library/CloudStorage/OneDrive-mustadem.com/Team Briefing.docx","09_Archive/Team Briefing.docx","uncategorized",0,"Team Briefing.docx"
"/Users/a-binghaith/Library/CloudStorage/OneDrive-mustadem.com/Final_Supplement_Master_Organized.csv","09_Archive/Final_Supplement_Master_Organized.csv","uncategorized",0,"Final_Supplement_Master_Organized.csv"
"/Users/a-binghaith/Library/CloudStorage/OneDrive-mustadem.com/Seabream.zip","09_Archive/Seabream.zip","uncategorized",0,"Seabream.zip"
"/Users/a-binghaith/Library/CloudStorage/OneDrive-mustadem.com/الخنساء (200 x 100 mm).zip","09_Archive/الخنساء (200 x 100 mm).zip","uncategorized",0,"الخنساء (200 x 100 mm).zip"
"/Users/a-binghaith/Library/CloudStorage/OneDrive-mustadem.com/نموذج-اقرار-الضمانات-(1).pdf","09_Archive/نموذج-اقرار-الضمانات-(1).pdf","uncategorized",0,"نموذج-اقرار-الضمانات-(1).pdf"
"/Users/a-binghaith/Library/CloudStorage/OneDrive-mustadem.com/IMG_4136.HEIC","09_Archive/IMG_4136.HEIC","uncategorized",0,"IMG_4136.HEIC"
"/Users/a-binghaith/Library/CloudStorage/OneDrive-mustadem.com/document (10).png","09_Archive/document (10).png","uncategorized",0,"document (10).png"
"/Users/a-binghaith/Library/CloudStorage/OneDrive-mustadem.com/document (1).png","09_Archive/document (1).png","uncategorized",0,"document (1).png"
"/Users/a-binghaith/Library/CloudStorage/OneDrive-mustadem.com/Mustadem PROFILE.pdf","09_Archive/Mustadem PROFILE.pdf","uncategorized",0,"Mustadem PROFILE.pdf"
"/Users/a-binghaith/Library/CloudStorage/OneDrive-mustadem.com/TencentDocs-arm64.dmg","09_Archive/TencentDocs-arm64.dmg","uncategorized",0,"TencentDocs-arm64.dmg"
"/Users/a-binghaith/Library/CloudStorage/OneDrive-mustadem.com/IMG_4137.HEIC","09_Archive/IMG_4137.HEIC","uncategorized",0,"IMG_4137.HEIC"
"/Users/a-binghaith/Library/CloudStorage/OneDrive-mustadem.com/Current Mustadem Projects.docx","03_Operations/Projects/Current Mustadem Projects.docx","operations",2,"Current Mustadem Projects.docx"
"/Users/a-binghaith/Library/CloudStorage/OneDrive-mustadem.com/document (11).png","09_Archive/document (11).png","uncategorized",0,"document (11).png"
"/Users/a-binghaith/Library/CloudStorage/OneDrive-mustadem.com/Aseer Project Cost Calculator 2.xlsx","03_Operations/Projects/Aseer Project Cost Calculator 2.xlsx","operations",4,"Aseer Project Cost Calculator 2.xlsx"
"/Users/a-binghaith/Library/CloudStorage/OneDrive-mustadem.com/Abdulrahman_Supplement_Master_Table.xlsx","09_Archive/Abdulrahman_Supplement_Master_Table.xlsx","uncategorized",0,"Abdulrahman_Supplement_Master_Table.xlsx"
"/Users/a-binghaith/Library/CloudStorage/OneDrive-mustadem.com/张凯雷中英文简历.pdf","09_Archive/张凯雷中英文简历.pdf","uncategorized",0,"张凯雷中英文简历.pdf"
"/Users/a-binghaith/Library/CloudStorage/OneDrive-mustadem.com/SKMBT_C454e24071703080.pdf","09_Archive/SKMBT_C454e24071703080.pdf","uncategorized",0,"SKMBT_C454e24071703080.pdf"
"/Users/a-binghaith/Library/CloudStorage/OneDrive-mustadem.com/meeting-89164144663.ics","09_Archive/meeting-89164144663.ics","uncategorized",0,"meeting-89164144663.ics"
"/Users/a-binghaith/Library/CloudStorage/OneDrive-mustadem.com/namecheap-order-171970558.pdf","09_Archive/namecheap-order-171970558.pdf","uncategorized",0,"namecheap-order-171970558.pdf"
"/Users/a-binghaith/Library/CloudStorage/OneDrive-mustadem.com/عقار الصحافة - ب.pdf","09_Archive/عقار الصحافة - ب.pdf","uncategorized",0,"عقار الصحافة - ب.pdf"
"/Users/a-binghaith/Library/CloudStorage/OneDrive-mustadem.com/ارتباط تقرير.doc","09_Archive/ارتباط تقرير.doc","uncategorized",0,"ارتباط تقرير.doc"
"/Users/a-binghaith/Library/CloudStorage/OneDrive-mustadem.com/Book6.xlsx","09_Archive/Book6.xlsx","uncategorized",0,"Book6.xlsx"
"/Users/a-binghaith/Library/CloudStorage/OneDrive-mustadem.com/9.19polycarbonate panel greenhouse.pptx","02_Research/Agriculture/Crops/Other/01_Source/9.19polycarbonate panel greenhouse.pptx","agriculture",2,"9.19polycarbonate panel greenhouse.pptx"
"/Users/a-binghaith/Library/CloudStorage/OneDrive-mustadem.com/١٦٣٧.pdf","09_Archive/١٦٣٧.pdf","uncategorized",0,"١٦٣٧.pdf"
"/Users/a-binghaith/Library/CloudStorage/OneDrive-mustadem.com/Assumptions & Scope of works.pdf","09_Archive/Assumptions & Scope of works.pdf","uncategorized",0,"Assumptions & Scope of works.pdf"
"/Users/a-binghaith/Library/CloudStorage/OneDrive-mustadem.com/Calendar - Abdulrahman Binghaith - oct-  Outlook.pdf","08_Legal/Contracts/Calendar - Abdulrahman Binghaith - oct-  Outlook.pdf","legal",3,"Calendar - Abdulrahman Binghaith - oct-  Outlook.pdf"
"/Users/a-binghaith/Library/CloudStorage/OneDrive-mustadem.com/دراسة الجدوى التسويقية لمزرعة الاكوابونيك.docx","09_Archive/دراسة الجدوى التسويقية لمزرعة الاكوابونيك.docx","uncategorized",0,"دراسة الجدوى التسويقية لمزرعة الاكوابونيك.docx"
"/Users/a-binghaith/Library/CloudStorage/OneDrive-mustadem.com/TextileCareWaterAndEnergy_Brochure_EN_NA_pdf.pdf","02_Research/Sustainability/ESG/01_Source/TextileCareWaterAndEnergy_Brochure_EN_NA_pdf.pdf","sustainability",2,"TextileCareWaterAndEnergy_Brochure_EN_NA_pdf.pdf"
"/Users/a-binghaith/Library/CloudStorage/OneDrive-mustadem.com/Ivar Agreement ١.docx","08_Legal/Contracts/Ivar Agreement ١.docx","legal",3,"Ivar Agreement ١.docx"
"/Users/a-binghaith/Library/CloudStorage/OneDrive-mustadem.com/al-hasa.pdf","09_Archive/al-hasa.pdf","uncategorized",0,"al-hasa.pdf"
"/Users/a-binghaith/Library/CloudStorage/OneDrive-mustadem.com/Master_Workbook_Courses_2025_2026.xlsx","09_Archive/Master_Workbook_Courses_2025_2026.xlsx","uncategorized",0,"Master_Workbook_Courses_2025_2026.xlsx"
"/Users/a-binghaith/Library/CloudStorage/OneDrive-mustadem.com/١٦٣٦.pdf","09_Archive/١٦٣٦.pdf","uncategorized",0,"١٦٣٦.pdf"
"/Users/a-binghaith/Library/CloudStorage/OneDrive-mustadem.com/Creating an Aquaculture SPV in Saudi Arabia's Aseer Region.docx","02_Research/Aquaculture/Species/Other/01_Source/Creating an Aquaculture SPV in Saudi Arabia's Aseer Region.docx","aquaculture",2,"Creating an Aquaculture SPV in Saudi Arabia's Aseer Region.docx"
"/Users/a-binghaith/Library/CloudStorage/OneDrive-mustadem.com/wepik-simple-cause-fishbone-diagram-20231209190634ngnq.pdf","02_Research/Aquaculture/Species/Other/01_Source/wepik-simple-cause-fishbone-diagram-20231209190634ngnq.pdf","aquaculture",2,"wepik-simple-cause-fishbone-diagram-20231209190634ngnq.pdf"
"/Users/a-binghaith/Library/CloudStorage/OneDrive-mustadem.com/Give feedback on Register with a GP surgery service - Register with a GP surgery - NHS.pdf","09_Archive/Give feedback on Register with a GP surgery service - Register with a GP surgery - NHS.pdf","uncategorized",0,"Give feedback on Register with a GP surgery service - Register with a GP surgery - NHS.pdf"
"/Users/a-binghaith/Library/CloudStorage/OneDrive-mustadem.com/Complete_with_DocuSign_نموذج-اقرار-الضمانات-.pdf","09_Archive/Complete_with_DocuSign_نموذج-اقرار-الضمانات-.pdf","uncategorized",0,"Complete_with_DocuSign_نموذج-اقرار-الضمانات-.pdf"
"/Users/a-binghaith/Library/CloudStorage/OneDrive-mustadem.com/Mustdem Scope of Work in Alahsa.xlsx","09_Archive/Mustdem Scope of Work in Alahsa.xlsx","uncategorized",0,"Mustdem Scope of Work in Alahsa.xlsx"
"/Users/a-binghaith/Library/CloudStorage/OneDrive-mustadem.com/For a comprehensive project like the one you described for t.docx","03_Operations/Projects/For a comprehensive project like the one you described for t.docx","operations",2,"For a comprehensive project like the one you described for t.docx"
"/Users/a-binghaith/Library/CloudStorage/OneDrive-mustadem.com/2878740ec0a6497eb0cf5c49619a3e76.ics","09_Archive/2878740ec0a6497eb0cf5c49619a3e76.ics","uncategorized",0,"2878740ec0a6497eb0cf5c49619a3e76.ics"
"/Users/a-binghaith/Library/CloudStorage/OneDrive-mustadem.com/Organized_Supplement_Master.xlsx","09_Archive/Organized_Supplement_Master.xlsx","uncategorized",0,"Organized_Supplement_Master.xlsx"
"/Users/a-binghaith/Library/CloudStorage/OneDrive-mustadem.com/Book10.xlsx","09_Archive/Book10.xlsx","uncategorized",0,"Book10.xlsx"
"/Users/a-binghaith/Library/CloudStorage/OneDrive-mustadem.com/Noble Profile-Feb21.pdf","09_Archive/Noble Profile-Feb21.pdf","uncategorized",0,"Noble Profile-Feb21.pdf"
"/Users/a-binghaith/Library/CloudStorage/OneDrive-mustadem.com/عقد شراكة -الأستاذه رنا.pdf","09_Archive/عقد شراكة -الأستاذه رنا.pdf","uncategorized",0,"عقد شراكة -الأستاذه رنا.pdf"
"/Users/a-binghaith/Library/CloudStorage/OneDrive-mustadem.com/Final_Supplement_Master_Enhanced_v8.csv","09_Archive/Final_Supplement_Master_Enhanced_v8.csv","uncategorized",0,"Final_Supplement_Master_Enhanced_v8.csv"
"/Users/a-binghaith/Library/CloudStorage/OneDrive-mustadem.com/Mustadem executives.docx","09_Archive/Mustadem executives.docx","uncategorized",0,"Mustadem executives.docx"
"/Users/a-binghaith/Library/CloudStorage/OneDrive-mustadem.com/content (1).pdf","09_Archive/content (1).pdf","uncategorized",0,"content (1).pdf"
"/Users/a-binghaith/Library/CloudStorage/OneDrive-mustadem.com/التقرير الثاني (عبد الرحمن بن غيث×هشام بن عثمان).pdf","09_Archive/التقرير الثاني (عبد الرحمن بن غيث×هشام بن عثمان).pdf","uncategorized",0,"التقرير الثاني (عبد الرحمن بن غيث×هشام بن عثمان).pdf"
"/Users/a-binghaith/Library/CloudStorage/OneDrive-mustadem.com/WhatsApp Unknown 2025-09-22 at 3.08.05 PM.zip","09_Archive/WhatsApp Unknown 2025-09-22 at 3.08.05 PM.zip","uncategorized",0,"WhatsApp Unknown 2025-09-22 at 3.08.05 PM.zip"
"/Users/a-binghaith/Library/CloudStorage/OneDrive-mustadem.com/دراسة تقيم الاثر البيئيEPC3-17-03-2024 14_09_29.649.pdf","09_Archive/دراسة تقيم الاثر البيئيEPC3-17-03-2024 14_09_29.649.pdf","uncategorized",0,"دراسة تقيم الاثر البيئيEPC3-17-03-2024 14_09_29.649.pdf"
"/Users/a-binghaith/Library/CloudStorage/OneDrive-mustadem.com/Financial statements.docx","09_Archive/Financial statements.docx","uncategorized",0,"Financial statements.docx"
"/Users/a-binghaith/Library/CloudStorage/OneDrive-mustadem.com/١٦٣٥.pdf","09_Archive/١٦٣٥.pdf","uncategorized",0,"١٦٣٥.pdf"
"/Users/a-binghaith/Library/CloudStorage/OneDrive-mustadem.com/Marj.xlsx","09_Archive/Marj.xlsx","uncategorized",0,"Marj.xlsx"
"/Users/a-binghaith/Library/CloudStorage/OneDrive-mustadem.com/Terms and Conditions.docx","09_Archive/Terms and Conditions.docx","uncategorized",0,"Terms and Conditions.docx"
"/Users/a-binghaith/Library/CloudStorage/OneDrive-mustadem.com/Al-Sahafa Accounting.xlsx","00_Admin/Al-Sahafa Accounting.xlsx","finance",2,"Al-Sahafa Accounting.xlsx"
"/Users/a-binghaith/Library/CloudStorage/OneDrive-mustadem.com/Document2.docx","09_Archive/Document2.docx","uncategorized",0,"Document2.docx"
"/Users/a-binghaith/Library/CloudStorage/OneDrive-mustadem.com/الملحقات التابعة الى كراسة الشروط والمواصفات.pdf","09_Archive/الملحقات التابعة الى كراسة الشروط والمواصفات.pdf","uncategorized",0,"الملحقات التابعة الى كراسة الشروط والمواصفات.pdf"
"/Users/a-binghaith/Library/CloudStorage/OneDrive-mustadem.com/release_for_1085905600_on_11-03-2022---07-42-19-PM 2022-05-11 20_52_47.pdf","09_Archive/release_for_1085905600_on_11-03-2022---07-42-19-PM 2022-05-11 20_52_47.pdf","uncategorized",0,"release_for_1085905600_on_11-03-2022---07-42-19-PM 2022-05-11 20_52_47.pdf"
"/Users/a-binghaith/Library/CloudStorage/OneDrive-mustadem.com/IMG_1688 2022-10-31 16_32_11.HEIC","09_Archive/IMG_1688 2022-10-31 16_32_11.HEIC","uncategorized",0,"IMG_1688 2022-10-31 16_32_11.HEIC"
"/Users/a-binghaith/Library/CloudStorage/OneDrive-mustadem.com/Download Supplement_Master_With_Energy.xlsx","09_Archive/Download Supplement_Master_With_Energy.xlsx","uncategorized",0,"Download Supplement_Master_With_Energy.xlsx"
"/Users/a-binghaith/Library/CloudStorage/OneDrive-mustadem.com/IMG_4140.HEIC","09_Archive/IMG_4140.HEIC","uncategorized",0,"IMG_4140.HEIC"
"/Users/a-binghaith/Library/CloudStorage/OneDrive-mustadem.com/IMG_7794.jpg","09_Archive/IMG_7794.jpg","uncategorized",0,"IMG_7794.jpg"
"/Users/a-binghaith/Library/CloudStorage/OneDrive-mustadem.com/Buy_Skip_Picks.csv","09_Archive/Buy_Skip_Picks.csv","uncategorized",0,"Buy_Skip_Picks.csv"
"/Users/a-binghaith/Library/CloudStorage/OneDrive-mustadem.com/Abdulrahman_Binghaith_Resume.PDF","09_Archive/Abdulrahman_Binghaith_Resume.PDF","uncategorized",0,"Abdulrahman_Binghaith_Resume.PDF"
"/Users/a-binghaith/Library/CloudStorage/OneDrive-mustadem.com/صك الوكالة.pdf","09_Archive/صك الوكالة.pdf","uncategorized",0,"صك الوكالة.pdf"
"/Users/a-binghaith/Library/CloudStorage/OneDrive-mustadem.com/١٩١٥.pdf","09_Archive/١٩١٥.pdf","uncategorized",0,"١٩١٥.pdf"
"/Users/a-binghaith/Library/CloudStorage/OneDrive-mustadem.com/7decb1813e8a9632591113b791ba5314a249ddad.pdf","09_Archive/7decb1813e8a9632591113b791ba5314a249ddad.pdf","uncategorized",0,"7decb1813e8a9632591113b791ba5314a249ddad.pdf"
"/Users/a-binghaith/Library/CloudStorage/OneDrive-mustadem.com/00.png","09_Archive/00.png","uncategorized",0,"00.png"
"/Users/a-binghaith/Library/CloudStorage/OneDrive-mustadem.com/RealEstate_All_Sources_2025_2026.xlsx","09_Archive/RealEstate_All_Sources_2025_2026.xlsx","uncategorized",0,"RealEstate_All_Sources_2025_2026.xlsx"
"/Users/a-binghaith/Library/CloudStorage/OneDrive-mustadem.com/Letter of recommendation .docx","08_Legal/Contracts/Letter of recommendation .docx","legal",3,"Letter of recommendation .docx"
"/Users/a-binghaith/Library/CloudStorage/OneDrive-mustadem.com/CustomerAccountCertificateED-95028141-230330-215657.pdf","00_Admin/CustomerAccountCertificateED-95028141-230330-215657.pdf","finance",2,"CustomerAccountCertificateED-95028141-230330-215657.pdf"
"/Users/a-binghaith/Library/CloudStorage/OneDrive-mustadem.com/Document9.docx","09_Archive/Document9.docx","uncategorized",0,"Document9.docx"
"/Users/a-binghaith/Library/CloudStorage/OneDrive-mustadem.com/عقار الصحافة .pdf","09_Archive/عقار الصحافة .pdf","uncategorized",0,"عقار الصحافة .pdf"
"/Users/a-binghaith/Library/CloudStorage/OneDrive-mustadem.com/Book 5.xlsx","09_Archive/Book 5.xlsx","uncategorized",0,"Book 5.xlsx"
"/Users/a-binghaith/Library/CloudStorage/OneDrive-mustadem.com/Download Supplement_Master_Table.xlsx","09_Archive/Download Supplement_Master_Table.xlsx","uncategorized",0,"Download Supplement_Master_Table.xlsx"
"/Users/a-binghaith/Library/CloudStorage/OneDrive-mustadem.com/GPMF English Brochure.pdf","09_Archive/GPMF English Brochure.pdf","uncategorized",0,"GPMF English Brochure.pdf"
"/Users/a-binghaith/Library/CloudStorage/OneDrive-mustadem.com/Book1.xlsx","09_Archive/Book1.xlsx","uncategorized",0,"Book1.xlsx"
"/Users/a-binghaith/Library/CloudStorage/OneDrive-mustadem.com/Mustadem Organizational Structure - Organizational Structure .csv","09_Archive/Mustadem Organizational Structure - Organizational Structure .csv","uncategorized",0,"Mustadem Organizational Structure - Organizational Structure .csv"
"/Users/a-binghaith/Library/CloudStorage/OneDrive-mustadem.com/[Your NameYour Company's Name].docx","09_Archive/[Your NameYour Company's Name].docx","uncategorized",0,"[Your NameYour Company's Name].docx"
"/Users/a-binghaith/Library/CloudStorage/OneDrive-mustadem.com/ASEER REGION ENVIRONMENTAL AND ECONOMIC ASSESSMENT PROPOSAL 1.docx","02_Research/Sustainability/ESG/01_Source/ASEER REGION ENVIRONMENTAL AND ECONOMIC ASSESSMENT PROPOSAL 1.docx","sustainability",2,"ASEER REGION ENVIRONMENTAL AND ECONOMIC ASSESSMENT PROPOSAL 1.docx"
"/Users/a-binghaith/Library/CloudStorage/OneDrive-mustadem.com/southern-ring-nebula-james-webb-space-telescope-5k-3840x2160-8439.jpg","09_Archive/southern-ring-nebula-james-webb-space-telescope-5k-3840x2160-8439.jpg","uncategorized",0,"southern-ring-nebula-james-webb-space-telescope-5k-3840x2160-8439.jpg"
"/Users/a-binghaith/Library/CloudStorage/OneDrive-mustadem.com/document (6).png","09_Archive/document (6).png","uncategorized",0,"document (6).png"
"/Users/a-binghaith/Library/CloudStorage/OneDrive-mustadem.com/IMG_4147.HEIC","09_Archive/IMG_4147.HEIC","uncategorized",0,"IMG_4147.HEIC"
"/Users/a-binghaith/Library/CloudStorage/OneDrive-mustadem.com/Presentation1.pptx","09_Archive/Presentation1.pptx","uncategorized",0,"Presentation1.pptx"
"/Users/a-binghaith/Library/CloudStorage/OneDrive-mustadem.com/WhatsApp Unknown 2025-09-22 at 3.08.13 PM.zip","09_Archive/WhatsApp Unknown 2025-09-22 at 3.08.13 PM.zip","uncategorized",0,"WhatsApp Unknown 2025-09-22 at 3.08.13 PM.zip"
"/Users/a-binghaith/Library/CloudStorage/OneDrive-mustadem.com/Sponsorship packages.pdf","09_Archive/Sponsorship packages.pdf","uncategorized",0,"Sponsorship packages.pdf"
"/Users/a-binghaith/Library/CloudStorage/OneDrive-mustadem.com/Mustadem-farming.doc","02_Research/Agriculture/Crops/Other/01_Source/Mustadem-farming.doc","agriculture",2,"Mustadem-farming.doc"
"/Users/a-binghaith/Library/CloudStorage/OneDrive-mustadem.com/مؤشرات الاستثمار.pdf","09_Archive/مؤشرات الاستثمار.pdf","uncategorized",0,"مؤشرات الاستثمار.pdf"
"/Users/a-binghaith/Library/CloudStorage/OneDrive-mustadem.com/wepik-simple-cause-fishbone-diagram-20231209190748QAGq.zip","02_Research/Aquaculture/Species/Other/01_Source/wepik-simple-cause-fishbone-diagram-20231209190748QAGq.zip","aquaculture",2,"wepik-simple-cause-fishbone-diagram-20231209190748QAGq.zip"
"/Users/a-binghaith/Library/CloudStorage/OneDrive-mustadem.com/Mustadem_Financial_Model_v4.xlsb","09_Archive/Mustadem_Financial_Model_v4.xlsb","uncategorized",0,"Mustadem_Financial_Model_v4.xlsb"
"/Users/a-binghaith/Library/CloudStorage/OneDrive-mustadem.com/Document5.docx","09_Archive/Document5.docx","uncategorized",0,"Document5.docx"
"/Users/a-binghaith/Library/CloudStorage/OneDrive-mustadem.com/Add information about the health problem - Accurx Patient Portal.pdf","09_Archive/Add information about the health problem - Accurx Patient Portal.pdf","uncategorized",0,"Add information about the health problem - Accurx Patient Portal.pdf"
"/Users/a-binghaith/Library/CloudStorage/OneDrive-mustadem.com/[العنوان][رقم الهاتف][البريد الإلكتروني].docx","09_Archive/[العنوان][رقم الهاتف][البريد الإلكتروني].docx","uncategorized",0,"[العنوان][رقم الهاتف][البريد الإلكتروني].docx"
"/Users/a-binghaith/Library/CloudStorage/OneDrive-mustadem.com/_Aqua Profile .pdf","02_Research/Aquaculture/Species/Other/01_Source/_Aqua Profile .pdf","aquaculture",2,"_Aqua Profile .pdf"
"/Users/a-binghaith/Library/CloudStorage/OneDrive-mustadem.com/RAS_tilapia_KSA_feasibility_model.xlsx","02_Research/Aquaculture/Species/Tilapia/01_Source/RAS_tilapia_KSA_feasibility_model.xlsx","aquaculture",7,"RAS_tilapia_KSA_feasibility_model.xlsx"
"/Users/a-binghaith/Library/CloudStorage/OneDrive-mustadem.com/Ghadeer Task List.docx","09_Archive/Ghadeer Task List.docx","uncategorized",0,"Ghadeer Task List.docx"
"/Users/a-binghaith/Library/CloudStorage/OneDrive-mustadem.com/تحليل الفوائد (1).docx","09_Archive/تحليل الفوائد (1).docx","uncategorized",0,"تحليل الفوائد (1).docx"
"/Users/a-binghaith/Library/CloudStorage/OneDrive-mustadem.com/webinar-89802889276.ics","09_Archive/webinar-89802889276.ics","uncategorized",0,"webinar-89802889276.ics"
"/Users/a-binghaith/Library/CloudStorage/OneDrive-mustadem.com/ملف الشركة.pdf","09_Archive/ملف الشركة.pdf","uncategorized",0,"ملف الشركة.pdf"
"/Users/a-binghaith/Library/CloudStorage/OneDrive-mustadem.com/ABDULRAHMAN ABDULAZIZ M BINGHAITH 2.pdf","09_Archive/ABDULRAHMAN ABDULAZIZ M BINGHAITH 2.pdf","uncategorized",0,"ABDULRAHMAN ABDULAZIZ M BINGHAITH 2.pdf"
"/Users/a-binghaith/Library/CloudStorage/OneDrive-mustadem.com/_الملحق رقم 6 الحدود المالية لتصنيف المقاولين.pdf","09_Archive/_الملحق رقم 6 الحدود المالية لتصنيف المقاولين.pdf","uncategorized",0,"_الملحق رقم 6 الحدود المالية لتصنيف المقاولين.pdf"
"/Users/a-binghaith/Library/CloudStorage/OneDrive-mustadem.com/Yastadeem.docx","09_Archive/Yastadeem.docx","uncategorized",0,"Yastadeem.docx"
"/Users/a-binghaith/Library/CloudStorage/OneDrive-mustadem.com/accounts-transactions-2.pdf","00_Admin/accounts-transactions-2.pdf","finance",4,"accounts-transactions-2.pdf"
"/Users/a-binghaith/Library/CloudStorage/OneDrive-mustadem.com/١٩١٧.pdf","09_Archive/١٩١٧.pdf","uncategorized",0,"١٩١٧.pdf"
"/Users/a-binghaith/Library/CloudStorage/OneDrive-mustadem.com/Supplement_Master_File_With_Notes (1).xlsx","09_Archive/Supplement_Master_File_With_Notes (1).xlsx","uncategorized",0,"Supplement_Master_File_With_Notes (1).xlsx"
"/Users/a-binghaith/Library/CloudStorage/OneDrive-mustadem.com/Finance spreatsheets.xlsx","09_Archive/Finance spreatsheets.xlsx","uncategorized",0,"Finance spreatsheets.xlsx"
"/Users/a-binghaith/Library/CloudStorage/OneDrive-mustadem.com/دراسة تقيم الاثر البيئيEPC3-17-03-2024 14_09_29.649 (1).pdf","09_Archive/دراسة تقيم الاثر البيئيEPC3-17-03-2024 14_09_29.649 (1).pdf","uncategorized",0,"دراسة تقيم الاثر البيئيEPC3-17-03-2024 14_09_29.649 (1).pdf"
"/Users/a-binghaith/Library/CloudStorage/OneDrive-mustadem.com/MUSTADEM.pptx.pdf","09_Archive/MUSTADEM.pptx.pdf","uncategorized",0,"MUSTADEM.pptx.pdf"
"/Users/a-binghaith/Library/CloudStorage/OneDrive-mustadem.com/Benefit Analysis.docx","09_Archive/Benefit Analysis.docx","uncategorized",0,"Benefit Analysis.docx"
"/Users/a-binghaith/Library/CloudStorage/OneDrive-mustadem.com/Book 8.xlsx","09_Archive/Book 8.xlsx","uncategorized",0,"Book 8.xlsx"
"/Users/a-binghaith/Library/CloudStorage/OneDrive-mustadem.com/Benefit Analysis.pdf","09_Archive/Benefit Analysis.pdf","uncategorized",0,"Benefit Analysis.pdf"
"/Users/a-binghaith/Library/CloudStorage/OneDrive-mustadem.com/صك+الحكم","09_Archive/صك+الحكم","uncategorized",0,"صك+الحكم"
"/Users/a-binghaith/Library/CloudStorage/OneDrive-mustadem.com/Mustadem_V2.docx","09_Archive/Mustadem_V2.docx","uncategorized",0,"Mustadem_V2.docx"
"/Users/a-binghaith/Library/CloudStorage/OneDrive-mustadem.com/Seafood-value-chains-and-institutions-supporting-research-and-innovation-in-Norway.ppm","09_Archive/Seafood-value-chains-and-institutions-supporting-research-and-innovation-in-Norway.ppm","uncategorized",0,"Seafood-value-chains-and-institutions-supporting-research-and-innovation-in-Norway.ppm"
"/Users/a-binghaith/Library/CloudStorage/OneDrive-mustadem.com/Ikone.ai","09_Archive/Ikone.ai","uncategorized",0,"Ikone.ai"
"/Users/a-binghaith/Library/CloudStorage/OneDrive-mustadem.com/Document4.docx","09_Archive/Document4.docx","uncategorized",0,"Document4.docx"
"/Users/a-binghaith/Library/CloudStorage/OneDrive-mustadem.com/Document 1.docx","09_Archive/Document 1.docx","uncategorized",0,"Document 1.docx"
"/Users/a-binghaith/Library/CloudStorage/OneDrive-mustadem.com/Aseer (Aquaculture, Growth Poles).docx","02_Research/Aquaculture/Species/Other/01_Source/Aseer (Aquaculture, Growth Poles).docx","aquaculture",2,"Aseer (Aquaculture, Growth Poles).docx"
"/Users/a-binghaith/Library/CloudStorage/OneDrive-mustadem.com/Copy of 1204.xlsx","09_Archive/Copy of 1204.xlsx","uncategorized",0,"Copy of 1204.xlsx"
"/Users/a-binghaith/Library/CloudStorage/OneDrive-mustadem.com/IMG_4146.HEIC","09_Archive/IMG_4146.HEIC","uncategorized",0,"IMG_4146.HEIC"
"/Users/a-binghaith/Library/CloudStorage/OneDrive-mustadem.com/AgriteQ Exhibition.jpg","09_Archive/AgriteQ Exhibition.jpg","uncategorized",0,"AgriteQ Exhibition.jpg"
"/Users/a-binghaith/Library/CloudStorage/OneDrive-mustadem.com/document (7).png","09_Archive/document (7).png","uncategorized",0,"document (7).png"
"/Users/a-binghaith/Library/CloudStorage/OneDrive-mustadem.com/Service sepcificaitions Document.docx","09_Archive/Service sepcificaitions Document.docx","uncategorized",0,"Service sepcificaitions Document.docx"
"/Users/a-binghaith/Library/CloudStorage/OneDrive-mustadem.com/Taif - polycarbonate panel greenhouse (1).pdf","02_Research/Agriculture/Crops/Other/01_Source/Taif - polycarbonate panel greenhouse (1).pdf","agriculture",2,"Taif - polycarbonate panel greenhouse (1).pdf"
"/Users/a-binghaith/Library/CloudStorage/OneDrive-mustadem.com/MEMORANDUM_OF_UNDERSTANDING_INTERSECT_Edited Version.docx","09_Archive/MEMORANDUM_OF_UNDERSTANDING_INTERSECT_Edited Version.docx","uncategorized",0,"MEMORANDUM_OF_UNDERSTANDING_INTERSECT_Edited Version.docx"
"/Users/a-binghaith/Library/CloudStorage/OneDrive-mustadem.com/content.pdf","09_Archive/content.pdf","uncategorized",0,"content.pdf"
"/Users/a-binghaith/Library/CloudStorage/OneDrive-mustadem.com/ترخيص استزراع الأسماك.pdf","09_Archive/ترخيص استزراع الأسماك.pdf","uncategorized",0,"ترخيص استزراع الأسماك.pdf"
"/Users/a-binghaith/Library/CloudStorage/OneDrive-mustadem.com/Annual National Accounts Publication 2020Ar.xlsx","00_Admin/Annual National Accounts Publication 2020Ar.xlsx","finance",2,"Annual National Accounts Publication 2020Ar.xlsx"
"/Users/a-binghaith/Library/CloudStorage/OneDrive-mustadem.com/الملحق رقم 4 الية تفضيل المنشات الصغيرة والمتوسطة.pdf","09_Archive/الملحق رقم 4 الية تفضيل المنشات الصغيرة والمتوسطة.pdf","uncategorized",0,"الملحق رقم 4 الية تفضيل المنشات الصغيرة والمتوسطة.pdf"
"/Users/a-binghaith/Library/CloudStorage/OneDrive-mustadem.com/Work contract 1.pdf","08_Legal/Contracts/Work contract 1.pdf","legal",3,"Work contract 1.pdf"
"/Users/a-binghaith/Library/CloudStorage/OneDrive-mustadem.com/Book 4.xlsx","09_Archive/Book 4.xlsx","uncategorized",0,"Book 4.xlsx"
"/Users/a-binghaith/Library/CloudStorage/OneDrive-mustadem.com/SIMEC Contacts.xlsx","09_Archive/SIMEC Contacts.xlsx","uncategorized",0,"SIMEC Contacts.xlsx"
"/Users/a-binghaith/Library/CloudStorage/OneDrive-mustadem.com/Excellence Physiotherapy - Book appointment.pdf","09_Archive/Excellence Physiotherapy - Book appointment.pdf","uncategorized",0,"Excellence Physiotherapy - Book appointment.pdf"
"/Users/a-binghaith/Library/CloudStorage/OneDrive-mustadem.com/wepik-simple-cause-fishbone-diagram-202312091904318ISm.zip","02_Research/Aquaculture/Species/Other/01_Source/wepik-simple-cause-fishbone-diagram-202312091904318ISm.zip","aquaculture",2,"wepik-simple-cause-fishbone-diagram-202312091904318ISm.zip"
"/Users/a-binghaith/Library/CloudStorage/OneDrive-mustadem.com/Final_Supplement_Master_Enhanced_v11.csv","09_Archive/Final_Supplement_Master_Enhanced_v11.csv","uncategorized",0,"Final_Supplement_Master_Enhanced_v11.csv"
"/Users/a-binghaith/Library/CloudStorage/OneDrive-mustadem.com/wepik-simple-cause-fishbone-diagram-20231209190548YNl0.zip","02_Research/Aquaculture/Species/Other/01_Source/wepik-simple-cause-fishbone-diagram-20231209190548YNl0.zip","aquaculture",2,"wepik-simple-cause-fishbone-diagram-20231209190548YNl0.zip"
"/Users/a-binghaith/Library/CloudStorage/OneDrive-mustadem.com/Document8.docx","09_Archive/Document8.docx","uncategorized",0,"Document8.docx"
"/Users/a-binghaith/Library/CloudStorage/OneDrive-mustadem.com/1-en.docx","09_Archive/1-en.docx","uncategorized",0,"1-en.docx"
"/Users/a-binghaith/Library/CloudStorage/OneDrive-mustadem.com/artboard-5-4x-100.jpg","09_Archive/artboard-5-4x-100.jpg","uncategorized",0,"artboard-5-4x-100.jpg"
"/Users/a-binghaith/Library/CloudStorage/OneDrive-mustadem.com/Organized_Supplement_Master.csv","09_Archive/Organized_Supplement_Master.csv","uncategorized",0,"Organized_Supplement_Master.csv"
"/Users/a-binghaith/Library/CloudStorage/OneDrive-mustadem.com/files-WhatsApp.dmg","09_Archive/files-WhatsApp.dmg","uncategorized",0,"files-WhatsApp.dmg"
"/Users/a-binghaith/Library/CloudStorage/OneDrive-mustadem.com/Slide Title Understanding the Challenge.docx","09_Archive/Slide Title Understanding the Challenge.docx","uncategorized",0,"Slide Title Understanding the Challenge.docx"
"/Users/a-binghaith/Library/CloudStorage/OneDrive-mustadem.com/document (4).png","09_Archive/document (4).png","uncategorized",0,"document (4).png"
"/Users/a-binghaith/Library/CloudStorage/OneDrive-mustadem.com/عرض مشروع   .pdf","09_Archive/عرض مشروع   .pdf","uncategorized",0,"عرض مشروع   .pdf"
"/Users/a-binghaith/Library/CloudStorage/OneDrive-mustadem.com/Company Address - Sahafa.jpg","09_Archive/Company Address - Sahafa.jpg","uncategorized",0,"Company Address - Sahafa.jpg"
"/Users/a-binghaith/Library/CloudStorage/OneDrive-mustadem.com/Asseer (Aqua,Live,Grow,clus).docx","02_Research/Aquaculture/Species/Other/01_Source/Asseer (Aqua,Live,Grow,clus).docx","aquaculture",2,"Asseer (Aqua,Live,Grow,clus).docx"
"/Users/a-binghaith/Library/CloudStorage/OneDrive-mustadem.com/Red_Sea_RAS_Feasibility_Study.docx","02_Research/Aquaculture/Species/Other/01_Source/Red_Sea_RAS_Feasibility_Study.docx","aquaculture",2,"Red_Sea_RAS_Feasibility_Study.docx"
"/Users/a-binghaith/Library/CloudStorage/OneDrive-mustadem.com/Download Supplement_and_Medication_Master_Table.xlsx","09_Archive/Download Supplement_and_Medication_Master_Table.xlsx","uncategorized",0,"Download Supplement_and_Medication_Master_Table.xlsx"
"/Users/a-binghaith/Library/CloudStorage/OneDrive-mustadem.com/Book3.xlsx","09_Archive/Book3.xlsx","uncategorized",0,"Book3.xlsx"
"/Users/a-binghaith/Library/CloudStorage/OneDrive-mustadem.com/Tech_AI_2025_2026.xlsx","09_Archive/Tech_AI_2025_2026.xlsx","uncategorized",0,"Tech_AI_2025_2026.xlsx"
"/Users/a-binghaith/Library/CloudStorage/OneDrive-mustadem.com/Book 7.xlsx","09_Archive/Book 7.xlsx","uncategorized",0,"Book 7.xlsx"
"/Users/a-binghaith/Library/CloudStorage/OneDrive-mustadem.com/الملحق رقم 12 كيفية تنفيذ الأعمال والخدمات.pdf","09_Archive/الملحق رقم 12 كيفية تنفيذ الأعمال والخدمات.pdf","uncategorized",0,"الملحق رقم 12 كيفية تنفيذ الأعمال والخدمات.pdf"
"/Users/a-binghaith/Library/CloudStorage/OneDrive-mustadem.com/Bachelor degree.pdf","09_Archive/Bachelor degree.pdf","uncategorized",0,"Bachelor degree.pdf"
"/Users/a-binghaith/Library/CloudStorage/OneDrive-mustadem.com/Document10.docx","09_Archive/Document10.docx","uncategorized",0,"Document10.docx"
"/Users/a-binghaith/Library/CloudStorage/OneDrive-mustadem.com/business Startup Checklist.docx","09_Archive/business Startup Checklist.docx","uncategorized",0,"business Startup Checklist.docx"
"/Users/a-binghaith/Library/CloudStorage/OneDrive-mustadem.com/MMA_Fitness_Events_Courses_2025_2026.xlsx","09_Archive/MMA_Fitness_Events_Courses_2025_2026.xlsx","uncategorized",0,"MMA_Fitness_Events_Courses_2025_2026.xlsx"
"/Users/a-binghaith/Library/CloudStorage/OneDrive-mustadem.com/مرفقات المنافسات.zip","09_Archive/مرفقات المنافسات.zip","uncategorized",0,"مرفقات المنافسات.zip"
"/Users/a-binghaith/Library/CloudStorage/OneDrive-mustadem.com/TrainingRegister.pdf  -  Recovered  -  Compatibility Mode.docx","09_Archive/TrainingRegister.pdf  -  Recovered  -  Compatibility Mode.docx","uncategorized",0,"TrainingRegister.pdf  -  Recovered  -  Compatibility Mode.docx"
"/Users/a-binghaith/Library/CloudStorage/OneDrive-mustadem.com/Business Plan Sample.docx","01_Strategy/Business Plan Sample.docx","business",2,"Business Plan Sample.docx"
"/Users/a-binghaith/Library/CloudStorage/OneDrive-mustadem.com/الاستراتيجية الوطنية للزراعة والملخص التنفيذي لعام  2030.pdf","09_Archive/الاستراتيجية الوطنية للزراعة والملخص التنفيذي لعام  2030.pdf","uncategorized",0,"الاستراتيجية الوطنية للزراعة والملخص التنفيذي لعام  2030.pdf"
"/Users/a-binghaith/Library/CloudStorage/OneDrive-mustadem.com/document (8).png","09_Archive/document (8).png","uncategorized",0,"document (8).png"
"/Users/a-binghaith/Library/CloudStorage/OneDrive-mustadem.com/RE_ Data Collection Stage Proposal.eml","01_Strategy/RE_ Data Collection Stage Proposal.eml","business",2,"RE_ Data Collection Stage Proposal.eml"
"/Users/a-binghaith/Library/CloudStorage/OneDrive-mustadem.com/Navigating the Pitfalls.docx","09_Archive/Navigating the Pitfalls.docx","uncategorized",0,"Navigating the Pitfalls.docx"
"/Users/a-binghaith/Library/CloudStorage/OneDrive-mustadem.com/SIMC  - Fish Profile .pdf","02_Research/Aquaculture/Species/Other/01_Source/SIMC  - Fish Profile .pdf","aquaculture",2,"SIMC  - Fish Profile .pdf"
"/Users/a-binghaith/Library/CloudStorage/OneDrive-mustadem.com/e30438f5-70ee-487e-9880-b06ab7d456d6.png","09_Archive/e30438f5-70ee-487e-9880-b06ab7d456d6.png","uncategorized",0,"e30438f5-70ee-487e-9880-b06ab7d456d6.png"
"/Users/a-binghaith/Library/CloudStorage/OneDrive-mustadem.com/content (4).pdf","09_Archive/content (4).pdf","uncategorized",0,"content (4).pdf"
"/Users/a-binghaith/Library/CloudStorage/OneDrive-mustadem.com/عقار الصحافة.pdf","09_Archive/عقار الصحافة.pdf","uncategorized",0,"عقار الصحافة.pdf"
"/Users/a-binghaith/Library/CloudStorage/OneDrive-mustadem.com/Copy of LEAP X Intersect (1).pdf","09_Archive/Copy of LEAP X Intersect (1).pdf","uncategorized",0,"Copy of LEAP X Intersect (1).pdf"
"/Users/a-binghaith/Library/CloudStorage/OneDrive-mustadem.com/Document7.docx","09_Archive/Document7.docx","uncategorized",0,"Document7.docx"
"/Users/a-binghaith/Library/CloudStorage/OneDrive-mustadem.com/A1.2-HalaAlhijji.xlsx","09_Archive/A1.2-HalaAlhijji.xlsx","uncategorized",0,"A1.2-HalaAlhijji.xlsx"
"/Users/a-binghaith/Library/CloudStorage/OneDrive-mustadem.com/TrainingRegister.pdf","09_Archive/TrainingRegister.pdf","uncategorized",0,"TrainingRegister.pdf"
"/Users/a-binghaith/Library/CloudStorage/OneDrive-mustadem.com/event-flyer.jpg","09_Archive/event-flyer.jpg","uncategorized",0,"event-flyer.jpg"
"/Users/a-binghaith/Library/CloudStorage/OneDrive-mustadem.com/Document 2.docx","09_Archive/Document 2.docx","uncategorized",0,"Document 2.docx"
"/Users/a-binghaith/Library/CloudStorage/OneDrive-mustadem.com/Mustadem PROFILE 2023-01-25 08_27_39 (5).pdf","09_Archive/Mustadem PROFILE 2023-01-25 08_27_39 (5).pdf","uncategorized",0,"Mustadem PROFILE 2023-01-25 08_27_39 (5).pdf"
"/Users/a-binghaith/Library/CloudStorage/OneDrive-mustadem.com/Supplement_Master_File_With_Notes.xlsx","09_Archive/Supplement_Master_File_With_Notes.xlsx","uncategorized",0,"Supplement_Master_File_With_Notes.xlsx"
"/Users/a-binghaith/Library/CloudStorage/OneDrive-mustadem.com/prescription_page.jpg","09_Archive/prescription_page.jpg","uncategorized",0,"prescription_page.jpg"
"/Users/a-binghaith/Library/CloudStorage/OneDrive-mustadem.com/اتفاقية الاستخدام.docx","09_Archive/اتفاقية الاستخدام.docx","uncategorized",0,"اتفاقية الاستخدام.docx"
"/Users/a-binghaith/Library/CloudStorage/OneDrive-mustadem.com/اسم الشركة….docx","09_Archive/اسم الشركة….docx","uncategorized",0,"اسم الشركة….docx"
"/Users/a-binghaith/Library/CloudStorage/OneDrive-mustadem.com/IMG_4145.HEIC","09_Archive/IMG_4145.HEIC","uncategorized",0,"IMG_4145.HEIC"
"/Users/a-binghaith/Library/CloudStorage/OneDrive-mustadem.com/Arafath.xlsx","09_Archive/Arafath.xlsx","uncategorized",0,"Arafath.xlsx"
"/Users/a-binghaith/Library/CloudStorage/OneDrive-mustadem.com/ACCOUNT_STATEMENTS_1690055174123.pdf","00_Admin/ACCOUNT_STATEMENTS_1690055174123.pdf","finance",2,"ACCOUNT_STATEMENTS_1690055174123.pdf"
"/Users/a-binghaith/Library/CloudStorage/OneDrive-mustadem.com/IMG_4144.HEIC","09_Archive/IMG_4144.HEIC","uncategorized",0,"IMG_4144.HEIC"
"/Users/a-binghaith/Library/CloudStorage/OneDrive-mustadem.com/Presentation2.pptx","09_Archive/Presentation2.pptx","uncategorized",0,"Presentation2.pptx"
"/Users/a-binghaith/Library/CloudStorage/OneDrive-mustadem.com/MUSTADEEM - Fish Profile .pdf","02_Research/Aquaculture/Species/Other/01_Source/MUSTADEEM - Fish Profile .pdf","aquaculture",2,"MUSTADEEM - Fish Profile .pdf"
"/Users/a-binghaith/Library/CloudStorage/OneDrive-mustadem.com/_f88dbb85496ba436f77f8ce1cdbbef3f_Week-1-Lecture-Outline.docx","09_Archive/_f88dbb85496ba436f77f8ce1cdbbef3f_Week-1-Lecture-Outline.docx","uncategorized",0,"_f88dbb85496ba436f77f8ce1cdbbef3f_Week-1-Lecture-Outline.docx"
"/Users/a-binghaith/Library/CloudStorage/OneDrive-mustadem.com/Document 3.docx","09_Archive/Document 3.docx","uncategorized",0,"Document 3.docx"
"/Users/a-binghaith/Library/CloudStorage/OneDrive-mustadem.com/اتفاقية مساحة العمل المشتركة (04.12.23) إستدامة الاغذية للصناعات الغذائية.pdf","09_Archive/اتفاقية مساحة العمل المشتركة (04.12.23) إستدامة الاغذية للصناعات الغذائية.pdf","uncategorized",0,"اتفاقية مساحة العمل المشتركة (04.12.23) إستدامة الاغذية للصناعات الغذائية.pdf"
"/Users/a-binghaith/Library/CloudStorage/OneDrive-mustadem.com/altaif english.docx","09_Archive/altaif english.docx","uncategorized",0,"altaif english.docx"
"/Users/a-binghaith/Library/CloudStorage/OneDrive-mustadem.com/Search Brave.docx","09_Archive/Search Brave.docx","uncategorized",0,"Search Brave.docx"
"/Users/a-binghaith/Library/CloudStorage/OneDrive-mustadem.com/Document6.docx","09_Archive/Document6.docx","uncategorized",0,"Document6.docx"
"/Users/a-binghaith/Library/CloudStorage/OneDrive-mustadem.com/استراتيجية الأمن الغذائي وخطة تنفيذها لعام 1439هـ.pdf","09_Archive/استراتيجية الأمن الغذائي وخطة تنفيذها لعام 1439هـ.pdf","uncategorized",0,"استراتيجية الأمن الغذائي وخطة تنفيذها لعام 1439هـ.pdf"
"/Users/a-binghaith/Library/CloudStorage/OneDrive-mustadem.com/Presentation.pptx","09_Archive/Presentation.pptx","uncategorized",0,"Presentation.pptx"
"/Users/a-binghaith/Library/CloudStorage/OneDrive-mustadem.com/We started in 2019 working with farmers.docx","02_Research/Agriculture/Crops/Other/01_Source/We started in 2019 working with farmers.docx","agriculture",2,"We started in 2019 working with farmers.docx"
"/Users/a-binghaith/Library/CloudStorage/OneDrive-mustadem.com/Seasony introduction.pdf","09_Archive/Seasony introduction.pdf","uncategorized",0,"Seasony introduction.pdf"
"/Users/a-binghaith/Library/CloudStorage/OneDrive-mustadem.com/Affiliation Dr.docx","09_Archive/Affiliation Dr.docx","uncategorized",0,"Affiliation Dr.docx"
"/Users/a-binghaith/Library/CloudStorage/OneDrive-mustadem.com/الملحق رقم 9 معايير التقييم لمشروع دراسة سلاسل القيمة الغذائية.pdf","09_Archive/الملحق رقم 9 معايير التقييم لمشروع دراسة سلاسل القيمة الغذائية.pdf","uncategorized",0,"الملحق رقم 9 معايير التقييم لمشروع دراسة سلاسل القيمة الغذائية.pdf"
"/Users/a-binghaith/Library/CloudStorage/OneDrive-mustadem.com/Payslip.docx","09_Archive/Payslip.docx","uncategorized",0,"Payslip.docx"
"/Users/a-binghaith/Library/CloudStorage/OneDrive-mustadem.com/IBANCertificateED-95028141-230330-215339.pdf","00_Admin/IBANCertificateED-95028141-230330-215339.pdf","finance",2,"IBANCertificateED-95028141-230330-215339.pdf"
"/Users/a-binghaith/Library/CloudStorage/OneDrive-mustadem.com/content (5).pdf","09_Archive/content (5).pdf","uncategorized",0,"content (5).pdf"
"/Users/a-binghaith/Library/CloudStorage/OneDrive-mustadem.com/Book.xlsx","09_Archive/Book.xlsx","uncategorized",0,"Book.xlsx"
"/Users/a-binghaith/Library/CloudStorage/OneDrive-mustadem.com/Contact Categories for Zoho.docx","09_Archive/Contact Categories for Zoho.docx","uncategorized",0,"Contact Categories for Zoho.docx"
"/Users/a-binghaith/Library/CloudStorage/OneDrive-mustadem.com/12044434_01.pdf","09_Archive/12044434_01.pdf","uncategorized",0,"12044434_01.pdf"
"/Users/a-binghaith/Library/CloudStorage/OneDrive-mustadem.com/Mapped_Basket_Summary (1).csv","09_Archive/Mapped_Basket_Summary (1).csv","uncategorized",0,"Mapped_Basket_Summary (1).csv"
"/Users/a-binghaith/Library/CloudStorage/OneDrive-mustadem.com/Clean_Basket_Supplements.xlsx","09_Archive/Clean_Basket_Supplements.xlsx","uncategorized",0,"Clean_Basket_Supplements.xlsx"
"/Users/a-binghaith/Library/CloudStorage/OneDrive-mustadem.com/document (9).png","09_Archive/document (9).png","uncategorized",0,"document (9).png"
"/Users/a-binghaith/Library/CloudStorage/OneDrive-mustadem.com/i want to know the best on ground data collection tools used today.docx","09_Archive/i want to know the best on ground data collection tools used today.docx","uncategorized",0,"i want to know the best on ground data collection tools used today.docx"
"/Users/a-binghaith/Library/CloudStorage/OneDrive-mustadem.com/Microsoft 365 Business Premium - Trial - Sign up.pdf","09_Archive/Microsoft 365 Business Premium - Trial - Sign up.pdf","uncategorized",0,"Microsoft 365 Business Premium - Trial - Sign up.pdf"
"/Users/a-binghaith/Library/CloudStorage/OneDrive-mustadem.com/Mustadem (1).pdf","09_Archive/Mustadem (1).pdf","uncategorized",0,"Mustadem (1).pdf"
"/Users/a-binghaith/Library/CloudStorage/OneDrive-mustadem.com/IMG_4148.HEIC","09_Archive/IMG_4148.HEIC","uncategorized",0,"IMG_4148.HEIC"
"/Users/a-binghaith/Library/CloudStorage/OneDrive-mustadem.com/Business Case - tasks sheet.xlsx","09_Archive/Business Case - tasks sheet.xlsx","uncategorized",0,"Business Case - tasks sheet.xlsx"
"/Users/a-binghaith/Library/CloudStorage/OneDrive-mustadem.com/Final_Supplement_Master_With_Interactions.csv","09_Archive/Final_Supplement_Master_With_Interactions.csv","uncategorized",0,"Final_Supplement_Master_With_Interactions.csv"
"/Users/a-binghaith/Library/CloudStorage/OneDrive-mustadem.com/Aquaculture Questionnaire.docx","02_Research/Aquaculture/Species/Other/01_Source/Aquaculture Questionnaire.docx","aquaculture",2,"Aquaculture Questionnaire.docx"
"/Users/a-binghaith/Library/CloudStorage/OneDrive-mustadem.com/IMG_0655.PNG","09_Archive/IMG_0655.PNG","uncategorized",0,"IMG_0655.PNG"
"/Users/a-binghaith/Library/CloudStorage/OneDrive-mustadem.com/Mustadem Sustainability .pdf","02_Research/Sustainability/ESG/01_Source/Mustadem Sustainability .pdf","sustainability",2,"Mustadem Sustainability .pdf"
"/Users/a-binghaith/Library/CloudStorage/OneDrive-mustadem.com/(A100000428) Abdulrahman Binghaith - Mustadem- PF Feedback.docx","09_Archive/(A100000428) Abdulrahman Binghaith - Mustadem- PF Feedback.docx","uncategorized",0,"(A100000428) Abdulrahman Binghaith - Mustadem- PF Feedback.docx"
"/Users/a-binghaith/Library/CloudStorage/OneDrive-mustadem.com/Marj (1).xlsx","09_Archive/Marj (1).xlsx","uncategorized",0,"Marj (1).xlsx"
"/Users/a-binghaith/Library/CloudStorage/OneDrive-mustadem.com/Feasibility study for RAS fish farm.pdf","02_Research/Aquaculture/Species/Other/01_Source/Feasibility study for RAS fish farm.pdf","aquaculture",4,"Feasibility study for RAS fish farm.pdf"
"/Users/a-binghaith/Library/CloudStorage/OneDrive-mustadem.com/Document11.docx","09_Archive/Document11.docx","uncategorized",0,"Document11.docx"
"/Users/a-binghaith/Library/CloudStorage/OneDrive-mustadem.com/SIMEC Contacts - Copy.xlsx","09_Archive/SIMEC Contacts - Copy.xlsx","uncategorized",0,"SIMEC Contacts - Copy.xlsx"
"/Users/a-binghaith/Library/CloudStorage/OneDrive-mustadem.com/calendar_saudi_infrastructure_expo2022.ics","08_Legal/Contracts/calendar_saudi_infrastructure_expo2022.ics","legal",3,"calendar_saudi_infrastructure_expo2022.ics"
"/Users/a-binghaith/Library/CloudStorage/OneDrive-mustadem.com/Blue Food Innovation - London Contacts.xlsx","09_Archive/Blue Food Innovation - London Contacts.xlsx","uncategorized",0,"Blue Food Innovation - London Contacts.xlsx"
"/Users/a-binghaith/Library/CloudStorage/OneDrive-mustadem.com/Book 6.xlsx","09_Archive/Book 6.xlsx","uncategorized",0,"Book 6.xlsx"
"/Users/a-binghaith/Library/CloudStorage/OneDrive-mustadem.com/Aseer Shrimp Project – Pre-Acquisition Management Tasks.docx","02_Research/Aquaculture/Species/Shrimp/01_Source/Aseer Shrimp Project – Pre-Acquisition Management Tasks.docx","aquaculture",5,"Aseer Shrimp Project – Pre-Acquisition Management Tasks.docx"
"/Users/a-binghaith/Library/CloudStorage/OneDrive-mustadem.com/Book2.xlsx","09_Archive/Book2.xlsx","uncategorized",0,"Book2.xlsx"
"/Users/a-binghaith/Library/CloudStorage/OneDrive-mustadem.com/50A234DB-8B68-4C1B-AB59-D094A60A0DDB.png","09_Archive/50A234DB-8B68-4C1B-AB59-D094A60A0DDB.png","uncategorized",0,"50A234DB-8B68-4C1B-AB59-D094A60A0DDB.png"
"/Users/a-binghaith/Library/CloudStorage/OneDrive-mustadem.com/Copy of Pitch Deck - Presentation.html","04_BizDev/Proposals/Copy of Pitch Deck - Presentation.html","business",2,"Copy of Pitch Deck - Presentation.html"
"/Users/a-binghaith/Library/CloudStorage/OneDrive-mustadem.com/Feasibility study for RAS fish farm.docx","02_Research/Aquaculture/Species/Other/01_Source/Feasibility study for RAS fish farm.docx","aquaculture",4,"Feasibility study for RAS fish farm.docx"
"/Users/a-binghaith/Library/CloudStorage/OneDrive-mustadem.com/Client_Pipeline_Template.xlsx","09_Archive/Client_Pipeline_Template.xlsx","uncategorized",0,"Client_Pipeline_Template.xlsx"
"/Users/a-binghaith/Library/CloudStorage/OneDrive-mustadem.com/Modern livestock barnsThe modern farms aims to breed a flock.docx","02_Research/Agriculture/Crops/Other/01_Source/Modern livestock barnsThe modern farms aims to breed a flock.docx","agriculture",2,"Modern livestock barnsThe modern farms aims to breed a flock.docx"
"/Users/a-binghaith/Library/CloudStorage/OneDrive-mustadem.com/e69022dd-65ea-4eee-b470-fb283fca7abe.html","09_Archive/e69022dd-65ea-4eee-b470-fb283fca7abe.html","uncategorized",0,"e69022dd-65ea-4eee-b470-fb283fca7abe.html"
"/Users/a-binghaith/Library/CloudStorage/OneDrive-mustadem.com/Costa-Tomatoes-12-1200x799-1-1024x682.webp","02_Research/Agriculture/Crops/Tomatoes/01_Source/Costa-Tomatoes-12-1200x799-1-1024x682.webp","agriculture",5,"Costa-Tomatoes-12-1200x799-1-1024x682.webp"
"/Users/a-binghaith/Library/CloudStorage/OneDrive-mustadem.com/Startups Brief - MISA Standard Template.docx","08_Legal/Contracts/Startups Brief - MISA Standard Template.docx","legal",3,"Startups Brief - MISA Standard Template.docx"
"/Users/a-binghaith/Library/CloudStorage/OneDrive-mustadem.com/A2.1-ROE-1.xlsx","09_Archive/A2.1-ROE-1.xlsx","uncategorized",0,"A2.1-ROE-1.xlsx"
"/Users/a-binghaith/Library/CloudStorage/OneDrive-mustadem.com/Al-Ahsa Region Partnership.docx","01_Strategy/Al-Ahsa Region Partnership.docx","business",2,"Al-Ahsa Region Partnership.docx"
"/Users/a-binghaith/Library/CloudStorage/OneDrive-mustadem.com/document (5).png","09_Archive/document (5).png","uncategorized",0,"document (5).png"
"/Users/a-binghaith/Library/CloudStorage/OneDrive-mustadem.com/Mustadem Offical Business Plan.docx","01_Strategy/Mustadem Offical Business Plan.docx","business",2,"Mustadem Offical Business Plan.docx"
"/Users/a-binghaith/Library/CloudStorage/OneDrive-mustadem.com/IMG_4138.HEIC","09_Archive/IMG_4138.HEIC","uncategorized",0,"IMG_4138.HEIC"
"/Users/a-binghaith/Library/CloudStorage/OneDrive-mustadem.com/james-webb-telescope-pictures-a8x5mo18p9us2vel.jpg","09_Archive/james-webb-telescope-pictures-a8x5mo18p9us2vel.jpg","uncategorized",0,"james-webb-telescope-pictures-a8x5mo18p9us2vel.jpg"
"/Users/a-binghaith/Library/CloudStorage/OneDrive-mustadem.com/DDC - Aquaponic Farm Consultancy Services.eml","02_Research/Aquaculture/Species/Other/01_Source/DDC - Aquaponic Farm Consultancy Services.eml","aquaculture",2,"DDC - Aquaponic Farm Consultancy Services.eml"
"/Users/a-binghaith/Library/CloudStorage/OneDrive-mustadem.com/account-transaction-details-3.pdf","00_Admin/account-transaction-details-3.pdf","finance",4,"account-transaction-details-3.pdf"
"/Users/a-binghaith/Library/CloudStorage/OneDrive-mustadem.com/الملحق رقم 14 تنبية هام حول المشروع.pdf","09_Archive/الملحق رقم 14 تنبية هام حول المشروع.pdf","uncategorized",0,"الملحق رقم 14 تنبية هام حول المشروع.pdf"
"/Users/a-binghaith/Library/CloudStorage/OneDrive-mustadem.com/Book9.xlsx","09_Archive/Book9.xlsx","uncategorized",0,"Book9.xlsx"
"/Users/a-binghaith/Library/CloudStorage/OneDrive-mustadem.com/content (2).pdf","09_Archive/content (2).pdf","uncategorized",0,"content (2).pdf"
"/Users/a-binghaith/Library/CloudStorage/OneDrive-mustadem.com/439)altaeef 02.dwg","09_Archive/439)altaeef 02.dwg","uncategorized",0,"439)altaeef 02.dwg"
"/Users/a-binghaith/Library/CloudStorage/OneDrive-mustadem.com/كراسة الشروط والمواصفات.pdf","09_Archive/كراسة الشروط والمواصفات.pdf","uncategorized",0,"كراسة الشروط والمواصفات.pdf"
"/Users/a-binghaith/Library/CloudStorage/OneDrive-mustadem.com/ASDA Request for Information.docx","09_Archive/ASDA Request for Information.docx","uncategorized",0,"ASDA Request for Information.docx"
"/Users/a-binghaith/Library/CloudStorage/OneDrive-mustadem.com/Download Supplement_Reference_Sheet.xlsx","09_Archive/Download Supplement_Reference_Sheet.xlsx","uncategorized",0,"Download Supplement_Reference_Sheet.xlsx"
"/Users/a-binghaith/Library/CloudStorage/OneDrive-mustadem.com/Passwords.csv","09_Archive/Passwords.csv","uncategorized",0,"Passwords.csv"
"/Users/a-binghaith/Library/CloudStorage/OneDrive-mustadem.com/TAIF Greenhouse.xlsx","02_Research/Agriculture/Crops/Other/01_Source/TAIF Greenhouse.xlsx","agriculture",2,"TAIF Greenhouse.xlsx"
"/Users/a-binghaith/Library/CloudStorage/OneDrive-mustadem.com/Master_Workbook_Courses_2025_2026 (1).xlsx","09_Archive/Master_Workbook_Courses_2025_2026 (1).xlsx","uncategorized",0,"Master_Workbook_Courses_2025_2026 (1).xlsx"
"/Users/a-binghaith/Library/CloudStorage/OneDrive-mustadem.com/40e6685a-0435-46ee-9ac8-fc58f8540417.png","09_Archive/40e6685a-0435-46ee-9ac8-fc58f8540417.png","uncategorized",0,"40e6685a-0435-46ee-9ac8-fc58f8540417.png"
"/Users/a-binghaith/Library/CloudStorage/OneDrive-mustadem.com/أرض محطة الصحافة.docx","09_Archive/أرض محطة الصحافة.docx","uncategorized",0,"أرض محطة الصحافة.docx"
"/Users/a-binghaith/Library/CloudStorage/OneDrive-mustadem.com/100231086225506.pdf","09_Archive/100231086225506.pdf","uncategorized",0,"100231086225506.pdf"
"/Users/a-binghaith/Library/CloudStorage/OneDrive-mustadem.com/400344502548049.pdf","09_Archive/400344502548049.pdf","uncategorized",0,"400344502548049.pdf"
"/Users/a-binghaith/Library/CloudStorage/OneDrive-mustadem.com/Document1.docx","09_Archive/Document1.docx","uncategorized",0,"Document1.docx"
"/Users/a-binghaith/Library/CloudStorage/OneDrive-mustadem.com/Transactions-4.pdf","00_Admin/Transactions-4.pdf","finance",2,"Transactions-4.pdf"
"/Users/a-binghaith/Library/CloudStorage/OneDrive-mustadem.com/Waste management needs for STC Channels.docx","09_Archive/Waste management needs for STC Channels.docx","uncategorized",0,"Waste management needs for STC Channels.docx"
"/Users/a-binghaith/Library/CloudStorage/OneDrive-mustadem.com/land-based-aquaculture-report-2023-third-edition-.xlsx","02_Research/Aquaculture/Species/Other/01_Source/land-based-aquaculture-report-2023-third-edition-.xlsx","aquaculture",2,"land-based-aquaculture-report-2023-third-edition-.xlsx"
"/Users/a-binghaith/Library/CloudStorage/OneDrive-mustadem.com/Aseer (Aquaculture, Growth Poles) copy.docx","02_Research/Aquaculture/Species/Other/01_Source/Aseer (Aquaculture, Growth Poles) copy.docx","aquaculture",2,"Aseer (Aquaculture, Growth Poles) copy.docx"
"/Users/a-binghaith/Library/CloudStorage/OneDrive-mustadem.com/Aquaponics – the circular food - Zurch Univesity.pdf","02_Research/Aquaculture/Species/Other/01_Source/Aquaponics – the circular food - Zurch Univesity.pdf","aquaculture",2,"Aquaponics – the circular food - Zurch Univesity.pdf"
"/Users/a-binghaith/Library/CloudStorage/OneDrive-mustadem.com/DALL·E 2023-03-15 02.38.03 - sustainable tower in Riyadh with trees on the tower with aquaponics urban farm.png","02_Research/Aquaculture/Species/Other/01_Source/DALL·E 2023-03-15 02.38.03 - sustainable tower in Riyadh with trees on the tower with aquaponics urban farm.png","aquaculture",2,"DALL·E 2023-03-15 02.38.03 - sustainable tower in Riyadh with trees on the tower with aquaponics urban farm.png"
"/Users/a-binghaith/Library/CloudStorage/OneDrive-mustadem.com/account-transaction-details-2.pdf","00_Admin/account-transaction-details-2.pdf","finance",4,"account-transaction-details-2.pdf"
"/Users/a-binghaith/Library/CloudStorage/OneDrive-mustadem.com/IMG_4143.HEIC","09_Archive/IMG_4143.HEIC","uncategorized",0,"IMG_4143.HEIC"
"/Users/a-binghaith/Library/CloudStorage/OneDrive-mustadem.com/document (12).png","09_Archive/document (12).png","uncategorized",0,"document (12).png"
"/Users/a-binghaith/Library/CloudStorage/OneDrive-mustadem.com/LoanManualEn.pdf","09_Archive/LoanManualEn.pdf","uncategorized",0,"LoanManualEn.pdf"
"/Users/a-binghaith/Library/CloudStorage/OneDrive-mustadem.com/document (2).png","09_Archive/document (2).png","uncategorized",0,"document (2).png"
"/Users/a-binghaith/Library/CloudStorage/OneDrive-mustadem.com/Order Stamped e-Statement-4.pdf","09_Archive/Order Stamped e-Statement-4.pdf","uncategorized",0,"Order Stamped e-Statement-4.pdf"
"/Users/a-binghaith/Library/CloudStorage/OneDrive-mustadem.com/Aseer Project Cost Calculator 1.xlsx","03_Operations/Projects/Aseer Project Cost Calculator 1.xlsx","operations",4,"Aseer Project Cost Calculator 1.xlsx"
"/Users/a-binghaith/Library/CloudStorage/OneDrive-mustadem.com/GP surgeries near SW15 2BP - NHS.pdf","09_Archive/GP surgeries near SW15 2BP - NHS.pdf","uncategorized",0,"GP surgeries near SW15 2BP - NHS.pdf"
"/Users/a-binghaith/Library/CloudStorage/OneDrive-mustadem.com/مصانع سمك.xlsx","09_Archive/مصانع سمك.xlsx","uncategorized",0,"مصانع سمك.xlsx"
"/Users/a-binghaith/Library/CloudStorage/OneDrive-mustadem.com/saudi_market_data_sheet.xlsx","09_Archive/saudi_market_data_sheet.xlsx","uncategorized",0,"saudi_market_data_sheet.xlsx"
"/Users/a-binghaith/Library/CloudStorage/OneDrive-mustadem.com/Marj Final.xlsx","09_Archive/Marj Final.xlsx","uncategorized",0,"Marj Final.xlsx"
"/Users/a-binghaith/Library/CloudStorage/OneDrive-mustadem.com/sa.xlsx","09_Archive/sa.xlsx","uncategorized",0,"sa.xlsx"
"/Users/a-binghaith/Library/CloudStorage/OneDrive-mustadem.com/Book5.xlsx","09_Archive/Book5.xlsx","uncategorized",0,"Book5.xlsx"
"/Users/a-binghaith/Library/CloudStorage/OneDrive-mustadem.com/الملحق رقم 5 ضوابط الامن السيبراني.pdf","09_Archive/الملحق رقم 5 ضوابط الامن السيبراني.pdf","uncategorized",0,"الملحق رقم 5 ضوابط الامن السيبراني.pdf"
"/Users/a-binghaith/Library/CloudStorage/OneDrive-mustadem.com/task_export_1930670000000762003.xlsx","09_Archive/task_export_1930670000000762003.xlsx","uncategorized",0,"task_export_1930670000000762003.xlsx"
"/Users/a-binghaith/Library/CloudStorage/OneDrive-mustadem.com/Book 1.xlsx","09_Archive/Book 1.xlsx","uncategorized",0,"Book 1.xlsx"
"/Users/a-binghaith/Library/CloudStorage/OneDrive-mustadem.com/63663258X.pdf","09_Archive/63663258X.pdf","uncategorized",0,"63663258X.pdf"
"/Users/a-binghaith/Library/CloudStorage/OneDrive-mustadem.com/Request submitted! - Accurx Patient Portal.pdf","09_Archive/Request submitted! - Accurx Patient Portal.pdf","uncategorized",0,"Request submitted! - Accurx Patient Portal.pdf"
"/Users/a-binghaith/Library/CloudStorage/OneDrive-mustadem.com/Abdulrahman_Supplement_Master_Table.csv","09_Archive/Abdulrahman_Supplement_Master_Table.csv","uncategorized",0,"Abdulrahman_Supplement_Master_Table.csv"
"/Users/a-binghaith/Library/CloudStorage/OneDrive-mustadem.com/الملحق رقم 11 لائحة تعارض المصالح.pdf","09_Archive/الملحق رقم 11 لائحة تعارض المصالح.pdf","uncategorized",0,"الملحق رقم 11 لائحة تعارض المصالح.pdf"
"/Users/a-binghaith/Library/CloudStorage/OneDrive-mustadem.com/Aqua Profile (21x14 CM) (Presentation).pdf","02_Research/Aquaculture/Species/Other/01_Source/Aqua Profile (21x14 CM) (Presentation).pdf","aquaculture",2,"Aqua Profile (21x14 CM) (Presentation).pdf"
"/Users/a-binghaith/Library/CloudStorage/OneDrive-mustadem.com/Download Supplement_and_Medication_With_Links.xlsx","09_Archive/Download Supplement_and_Medication_With_Links.xlsx","uncategorized",0,"Download Supplement_and_Medication_With_Links.xlsx"
"/Users/a-binghaith/Library/CloudStorage/OneDrive-mustadem.com/تحليل الفوائد.pdf","09_Archive/تحليل الفوائد.pdf","uncategorized",0,"تحليل الفوائد.pdf"
"/Users/a-binghaith/Library/CloudStorage/OneDrive-mustadem.com/Intersect.png","09_Archive/Intersect.png","uncategorized",0,"Intersect.png"
"/Users/a-binghaith/Library/CloudStorage/OneDrive-mustadem.com/Mustadem laundry tech_presentation_v1_ .pdf (1).pdf","09_Archive/Mustadem laundry tech_presentation_v1_ .pdf (1).pdf","uncategorized",0,"Mustadem laundry tech_presentation_v1_ .pdf (1).pdf"
"/Users/a-binghaith/Library/CloudStorage/OneDrive-mustadem.com/220728 Saudi Agriculture 2022 - Show Catalogue Entry Form.docx","02_Research/Agriculture/Crops/Other/01_Source/220728 Saudi Agriculture 2022 - Show Catalogue Entry Form.docx","agriculture",2,"220728 Saudi Agriculture 2022 - Show Catalogue Entry Form.docx"
"/Users/a-binghaith/Library/CloudStorage/OneDrive-mustadem.com/Presentation11.pptx","09_Archive/Presentation11.pptx","uncategorized",0,"Presentation11.pptx"
"/Users/a-binghaith/Library/CloudStorage/OneDrive-mustadem.com/Online_Marketplace_Features.txt","09_Archive/Online_Marketplace_Features.txt","uncategorized",0,"Online_Marketplace_Features.txt"
"/Users/a-binghaith/Library/CloudStorage/OneDrive-mustadem.com/تحليل الفوائد.docx","09_Archive/تحليل الفوائد.docx","uncategorized",0,"تحليل الفوائد.docx"
"/Users/a-binghaith/Library/CloudStorage/OneDrive-mustadem.com/Business Requirements Document (BRD).docx","09_Archive/Business Requirements Document (BRD).docx","uncategorized",0,"Business Requirements Document (BRD).docx"
"/Users/a-binghaith/Library/CloudStorage/OneDrive-mustadem.com/WAVE Confidentiality Agreement- Mustadem[1136].docx","08_Legal/Contracts/WAVE Confidentiality Agreement- Mustadem[1136].docx","legal",3,"WAVE Confidentiality Agreement- Mustadem[1136].docx"
"/Users/a-binghaith/Library/CloudStorage/OneDrive-mustadem.com/WEF_The_Road_to_Sustainable_Aquaculture (1)_240102_235816.pdf","02_Research/Aquaculture/Species/Other/01_Source/WEF_The_Road_to_Sustainable_Aquaculture (1)_240102_235816.pdf","aquaculture",2,"WEF_The_Road_to_Sustainable_Aquaculture (1)_240102_235816.pdf"
"/Users/a-binghaith/Library/CloudStorage/OneDrive-mustadem.com/الخنساء.zip","09_Archive/الخنساء.zip","uncategorized",0,"الخنساء.zip"
"/Users/a-binghaith/Library/CloudStorage/OneDrive-mustadem.com/prescription_merged.jpg","09_Archive/prescription_merged.jpg","uncategorized",0,"prescription_merged.jpg"
"/Users/a-binghaith/Library/CloudStorage/OneDrive-mustadem.com/accounts-transactions.pdf","00_Admin/accounts-transactions.pdf","finance",4,"accounts-transactions.pdf"
"/Users/a-binghaith/Library/CloudStorage/OneDrive-mustadem.com/OneDrive_1_4-9-2025.zip","09_Archive/OneDrive_1_4-9-2025.zip","uncategorized",0,"OneDrive_1_4-9-2025.zip"
"/Users/a-binghaith/Library/CloudStorage/OneDrive-mustadem.com/VCG.AI_MIM Saudi Arabia..pdf","09_Archive/VCG.AI_MIM Saudi Arabia..pdf","uncategorized",0,"VCG.AI_MIM Saudi Arabia..pdf"
"/Users/a-binghaith/Library/CloudStorage/OneDrive-mustadem.com/Transactions-3.pdf","00_Admin/Transactions-3.pdf","finance",2,"Transactions-3.pdf"
"/Users/a-binghaith/Library/CloudStorage/OneDrive-mustadem.com/IMG_8655.HEIC","09_Archive/IMG_8655.HEIC","uncategorized",0,"IMG_8655.HEIC"
"/Users/a-binghaith/Library/CloudStorage/OneDrive-mustadem.com/الملحق رقم 7 خطاب العطاء.pdf","09_Archive/الملحق رقم 7 خطاب العطاء.pdf","uncategorized",0,"الملحق رقم 7 خطاب العطاء.pdf"
"/Users/a-binghaith/Library/CloudStorage/OneDrive-mustadem.com/xw5NDIyOTEzNDU4NQ==oPUTg 2.pdf","09_Archive/xw5NDIyOTEzNDU4NQ==oPUTg 2.pdf","uncategorized",0,"xw5NDIyOTEzNDU4NQ==oPUTg 2.pdf"
"/Users/a-binghaith/Library/CloudStorage/OneDrive-mustadem.com/تعود صعوبة التحول الى الاستدامة في وقتنا الحالي الى صعوبة قياسها وتحديد جميع محاورها ومعرفة الية تحويلها الى صناعات أكثر استدامة.docx","09_Archive/تعود صعوبة التحول الى الاستدامة في وقتنا الحالي الى صعوبة قياسها وتحديد جميع محاورها ومعرفة الية تحويلها الى صناعات أكثر استدامة.docx","uncategorized",0,"تعود صعوبة التحول الى الاستدامة في وقتنا الحالي الى صعوبة قياسها وتحديد جميع محاورها ومعرفة الية تحويلها الى صناعات أكثر استدامة.docx"
"/Users/a-binghaith/Library/CloudStorage/OneDrive-mustadem.com/الخنساء (1).zip","09_Archive/الخنساء (1).zip","uncategorized",0,"الخنساء (1).zip"
"/Users/a-binghaith/Library/CloudStorage/OneDrive-mustadem.com/Download Supplement_Interaction_Flags.csv","09_Archive/Download Supplement_Interaction_Flags.csv","uncategorized",0,"Download Supplement_Interaction_Flags.csv"
"/Users/a-binghaith/Library/CloudStorage/OneDrive-mustadem.com/Calendar - Abdulrahman Binghaith - Outlook.pdf","08_Legal/Contracts/Calendar - Abdulrahman Binghaith - Outlook.pdf","legal",3,"Calendar - Abdulrahman Binghaith - Outlook.pdf"
"/Users/a-binghaith/Library/CloudStorage/OneDrive-mustadem.com/بسم الله الرحمن الرحيم.docx","09_Archive/بسم الله الرحمن الرحيم.docx","uncategorized",0,"بسم الله الرحمن الرحيم.docx"
"/Users/a-binghaith/Library/CloudStorage/OneDrive-mustadem.com/Presentation.docx","09_Archive/Presentation.docx","uncategorized",0,"Presentation.docx"
"/Users/a-binghaith/Library/CloudStorage/OneDrive-mustadem.com/Book4.xlsx","09_Archive/Book4.xlsx","uncategorized",0,"Book4.xlsx"
"/Users/a-binghaith/Library/CloudStorage/OneDrive-mustadem.com/773389142_portaldata_1930670000002160004.zip","09_Archive/773389142_portaldata_1930670000002160004.zip","uncategorized",0,"773389142_portaldata_1930670000002160004.zip"
"/Users/a-binghaith/Library/CloudStorage/OneDrive-mustadem.com/PublicSpeaking_Writing_2025_2026.xlsx","09_Archive/PublicSpeaking_Writing_2025_2026.xlsx","uncategorized",0,"PublicSpeaking_Writing_2025_2026.xlsx"
"/Users/a-binghaith/Library/CloudStorage/OneDrive-mustadem.com/Slide 1 Title Slide.docx","09_Archive/Slide 1 Title Slide.docx","uncategorized",0,"Slide 1 Title Slide.docx"
"/Users/a-binghaith/Library/CloudStorage/OneDrive-mustadem.com/Intersect_Business_Model.pptx.pdf","09_Archive/Intersect_Business_Model.pptx.pdf","uncategorized",0,"Intersect_Business_Model.pptx.pdf"
"/Users/a-binghaith/Library/CloudStorage/OneDrive-mustadem.com/Transactions-2.pdf","00_Admin/Transactions-2.pdf","finance",2,"Transactions-2.pdf"
"/Users/a-binghaith/Library/CloudStorage/OneDrive-mustadem.com/organize_files.py","09_Archive/organize_files.py","uncategorized",0,"organize_files.py"
"/Users/a-binghaith/Library/CloudStorage/OneDrive-mustadem.com/الملحق رقم 15 مكان تنفيذ الأعمال والخدمات.pdf","09_Archive/الملحق رقم 15 مكان تنفيذ الأعمال والخدمات.pdf","uncategorized",0,"الملحق رقم 15 مكان تنفيذ الأعمال والخدمات.pdf"
"/Users/a-binghaith/Library/CloudStorage/OneDrive-mustadem.com/account-transaction-details-4.pdf","00_Admin/account-transaction-details-4.pdf","finance",4,"account-transaction-details-4.pdf"
"/Users/a-binghaith/Library/CloudStorage/OneDrive-mustadem.com/Black Blue Modern Property For Sale Flyer.pdf","09_Archive/Black Blue Modern Property For Sale Flyer.pdf","uncategorized",0,"Black Blue Modern Property For Sale Flyer.pdf"
"/Users/a-binghaith/Library/CloudStorage/OneDrive-mustadem.com/SIMEC Contacts 2024.xlsx","09_Archive/SIMEC Contacts 2024.xlsx","uncategorized",0,"SIMEC Contacts 2024.xlsx"
"/Users/a-binghaith/Library/CloudStorage/OneDrive-mustadem.com/IMG_4135.HEIC","09_Archive/IMG_4135.HEIC","uncategorized",0,"IMG_4135.HEIC"
"/Users/a-binghaith/Library/CloudStorage/OneDrive-mustadem.com/Document.docx","09_Archive/Document.docx","uncategorized",0,"Document.docx"
"/Users/a-binghaith/Library/CloudStorage/OneDrive-mustadem.com/document (3).png","09_Archive/document (3).png","uncategorized",0,"document (3).png"
"/Users/a-binghaith/Library/CloudStorage/OneDrive-mustadem.com/Mustadem Mission.docx","09_Archive/Mustadem Mission.docx","uncategorized",0,"Mustadem Mission.docx"
"/Users/a-binghaith/Library/CloudStorage/OneDrive-mustadem.com/Team And partners - Partners Copy.docx","09_Archive/Team And partners - Partners Copy.docx","uncategorized",0,"Team And partners - Partners Copy.docx"
"/Users/a-binghaith/Library/CloudStorage/OneDrive-mustadem.com/london_sales_training_with_intensity.xlsx","09_Archive/london_sales_training_with_intensity.xlsx","uncategorized",0,"london_sales_training_with_intensity.xlsx"
"/Users/a-binghaith/Library/CloudStorage/OneDrive-mustadem.com/Mustadem Full Captable.xlsx","01_Strategy/Mustadem Full Captable.xlsx","business",2,"Mustadem Full Captable.xlsx"
"/Users/a-binghaith/Library/CloudStorage/OneDrive-mustadem.com/IMG_1689 2022-10-31 16_32_14.HEIC","09_Archive/IMG_1689 2022-10-31 16_32_14.HEIC","uncategorized",0,"IMG_1689 2022-10-31 16_32_14.HEIC"
"/Users/a-binghaith/Library/CloudStorage/OneDrive-mustadem.com/IMG_4142.HEIC","09_Archive/IMG_4142.HEIC","uncategorized",0,"IMG_4142.HEIC"
"/Users/a-binghaith/Library/CloudStorage/OneDrive-mustadem.com/xw5NDIyOTEzNDU4NQ==oPUTg.pdf","09_Archive/xw5NDIyOTEzNDU4NQ==oPUTg.pdf","uncategorized",0,"xw5NDIyOTEzNDU4NQ==oPUTg.pdf"
"/Users/a-binghaith/Library/CloudStorage/OneDrive-mustadem.com/Order Stamped e-Statement-2.pdf","09_Archive/Order Stamped e-Statement-2.pdf","uncategorized",0,"Order Stamped e-Statement-2.pdf"
"/Users/a-binghaith/Library/CloudStorage/OneDrive-mustadem.com/تقرير مشاركة مستديم في معرض ويب ساميت ٢٠٢٣.docx","09_Archive/تقرير مشاركة مستديم في معرض ويب ساميت ٢٠٢٣.docx","uncategorized",0,"تقرير مشاركة مستديم في معرض ويب ساميت ٢٠٢٣.docx"
"/Users/a-binghaith/Library/CloudStorage/OneDrive-mustadem.com/Icon.docx","09_Archive/Icon.docx","uncategorized",0,"Icon.docx"
"/Users/a-binghaith/Library/CloudStorage/OneDrive-mustadem.com/Aqua Profile (21x14 CM).pdf","02_Research/Aquaculture/Species/Other/01_Source/Aqua Profile (21x14 CM).pdf","aquaculture",2,"Aqua Profile (21x14 CM).pdf"
"/Users/a-binghaith/Library/CloudStorage/OneDrive-mustadem.com/learning 1.xlsx","09_Archive/learning 1.xlsx","uncategorized",0,"learning 1.xlsx"
"/Users/a-binghaith/Library/CloudStorage/OneDrive-mustadem.com/[Your Company Letterhead or Contact Information].docx","09_Archive/[Your Company Letterhead or Contact Information].docx","uncategorized",0,"[Your Company Letterhead or Contact Information].docx"
"/Users/a-binghaith/Library/CloudStorage/OneDrive-mustadem.com/Buy_Skip_Picks.xlsx","09_Archive/Buy_Skip_Picks.xlsx","uncategorized",0,"Buy_Skip_Picks.xlsx"
"/Users/a-binghaith/Library/CloudStorage/OneDrive-mustadem.com/Advisory Fee Invoice for Ali.docx","00_Admin/Advisory Fee Invoice for Ali.docx","finance",2,"Advisory Fee Invoice for Ali.docx"
"/Users/a-binghaith/Library/CloudStorage/OneDrive-mustadem.com/FAO National Aquaculture Sector Overview (NASO).pdf","02_Research/Aquaculture/Species/Other/01_Source/FAO National Aquaculture Sector Overview (NASO).pdf","aquaculture",2,"FAO National Aquaculture Sector Overview (NASO).pdf"
"/Users/a-binghaith/Library/CloudStorage/OneDrive-mustadem.com/RE_ Inquiry for quotation about Environmental sustainability projects - sustainable agriculture.eml","02_Research/Sustainability/ESG/01_Source/RE_ Inquiry for quotation about Environmental sustainability projects - sustainable agriculture.eml","sustainability",4,"RE_ Inquiry for quotation about Environmental sustainability projects - sustainable agriculture.eml"
"/Users/a-binghaith/Library/CloudStorage/OneDrive-mustadem.com/IMG_1688 2022-11-15 16_06_19.HEIC","09_Archive/IMG_1688 2022-11-15 16_06_19.HEIC","uncategorized",0,"IMG_1688 2022-11-15 16_06_19.HEIC"
"/Users/a-binghaith/Library/CloudStorage/OneDrive-mustadem.com/1010696533.PDF","09_Archive/1010696533.PDF","uncategorized",0,"1010696533.PDF"
"/Users/a-binghaith/Library/CloudStorage/OneDrive-mustadem.com/ABDULRAHMAN ABDULAZIZ M BINGHAITH.pdf","09_Archive/ABDULRAHMAN ABDULAZIZ M BINGHAITH.pdf","uncategorized",0,"ABDULRAHMAN ABDULAZIZ M BINGHAITH.pdf"
"/Users/a-binghaith/Library/CloudStorage/OneDrive-mustadem.com/balance_sheet.pdf","09_Archive/balance_sheet.pdf","uncategorized",0,"balance_sheet.pdf"
"/Users/a-binghaith/Library/CloudStorage/OneDrive-mustadem.com/content (3).pdf","09_Archive/content (3).pdf","uncategorized",0,"content (3).pdf"
"/Users/a-binghaith/Library/CloudStorage/OneDrive-mustadem.com/Book8.xlsx","09_Archive/Book8.xlsx","uncategorized",0,"Book8.xlsx"
"/Users/a-binghaith/Library/CloudStorage/OneDrive-mustadem.com/Feasibility study for RAS fish farm (1).pdf","02_Research/Aquaculture/Species/Other/01_Source/Feasibility study for RAS fish farm (1).pdf","aquaculture",4,"Feasibility study for RAS fish farm (1).pdf"
"/Users/a-binghaith/Library/CloudStorage/OneDrive-mustadem.com/Order Stamped e-Statement-3.pdf","09_Archive/Order Stamped e-Statement-3.pdf","uncategorized",0,"Order Stamped e-Statement-3.pdf"
"/Users/a-binghaith/Library/CloudStorage/OneDrive-mustadem.com/IMG_4139.HEIC","09_Archive/IMG_4139.HEIC","uncategorized",0,"IMG_4139.HEIC"
"/Users/a-binghaith/Library/CloudStorage/OneDrive-mustadem.com/IMG_B0CBA6EC6542-1.jpeg","09_Archive/IMG_B0CBA6EC6542-1.jpeg","uncategorized",0,"IMG_B0CBA6EC6542-1.jpeg"
